Alfa Romeo|Andre Alfa Romeo
Alfa Romeo|156
Alfa Romeo|156
Alfa Romeo|MiTo
Alfa Romeo|156
Alfa Romeo|156
Alfa Romeo|159 SportWagon
Alfa Romeo|GT
Alfa Romeo|Giulietta
Alfa Romeo|156
Alfa Romeo|Giulietta
Alfa Romeo|Giulietta
Alfa Romeo|Giulietta
Alfa Romeo|MiTo
Alfa Romeo|GT
Alfa Romeo|MiTo
Alfa Romeo|156
Alfa Romeo|Giulietta
Alfa Romeo|159 SportWagon
Alfa Romeo|159 SportWagon
Alfa Romeo|156
Alfa Romeo|GT
Alfa Romeo|Giulietta
Alfa Romeo|MiTo
Alfa Romeo|Brera
Alfa Romeo|159
Alfa Romeo|GTV
Alfa Romeo|147
Alfa Romeo|156
Alfa Romeo|147
Aston Martin|Vanquish
Aston Martin|DB7
Aston Martin|V8 Vantage
Aston Martin|Andre Aston Martin
Aston Martin|DB7
Aston Martin|DB9
Aston Martin|DB9
Aston Martin|DB9
Aston Martin|V8 Vantage
Aston Martin|V8 Vantage
Aston Martin|V8 Vantage
Aston Martin|Cygnet
Aston Martin|Vanquish
Aston Martin|Rapide
Aston Martin|Rapide
Aston Martin|Andre Aston Martin
Aston Martin|Rapide
Aston Martin|DB9
Audi|A4
Audi|TT
Audi|S6
Audi|A6
Audi|A3
Audi|A4
Audi|S3
Audi|A4
Audi|A6
Audi|S2
Audi|A3
Audi|A6
Audi|S4
Audi|A4
Audi|S8
Audi|A4
Audi|A5
Audi|A6
Audi|A4
Audi|A3
Audi|Andre Audi
Audi|S4
Audi|A6
Audi|A6
Audi|A4
Audi|A7
Audi|A4
Audi|100
Audi|A4
Audi|S3
Austin|Andre Austin
Austin|Andre Austin
Austin|Healey 3000
Austin|Andre Austin
Austin|Andre Austin
Bentley|Continental
Bentley|Continental
Bentley|Continental
Bentley|Continental
Bentley|Continental
Bentley|Andre Bentley
Bentley|Continental
Bentley|Continental
Bentley|Continental
Bentley|Continental
Bentley|Continental
Bentley|Continental
Bentley|Continental
BMW|3-serie
BMW|5-serie
BMW|5-serie
BMW|3-serie
BMW|3-serie
BMW|5-serie
BMW|5-serie
BMW|5-serie
BMW|5-serie
BMW|Z3
BMW|3-serie
BMW|5-serie
BMW|7-serie
BMW|3-serie
BMW|5-serie
BMW|5-serie
BMW|3-serie
BMW|3-serie
BMW|3-serie
BMW|3-serie
BMW|3-serie
BMW|5-serie
BMW|3-serie
BMW|1-serie
BMW|7-serie
BMW|3-serie
BMW|3-serie
BMW|1-serie
BMW|3-serie
BMW|5-serie
Buddy|Classic Cab
Buddy|Citi-Jet 6
Buddy|Pluss
Buddy|Citi-Jet 6
Buddy|Citi-Jet 6
Buddy|Classic Cab
Buddy|Citi-Jet 6
Buddy|Citi-Jet 6
Buddy|Citi-Jet 6
Buddy|Pluss
Buddy|Classic Cab
Buddy|Citi-Jet 6
Buddy|Pluss
Buddy|Citi-Jet 6
Buddy|Citi-Jet 6
Buddy|Premium
Buddy|Premium
Buddy|Citi-Jet 6
Buddy|Pluss
Buddy|Metro Pluss
Buddy|Pluss
Buick|Regal
Buick|Andre Buick
Buick|Andre Buick
Buick|Century
Buick|Andre Buick
Buick|Le Sabre
Buick|Andre Buick
Buick|Century
Buick|Park Avenue
Buick|Andre Buick
Buick|Le Sabre
Buick|Andre Buick
Buick|Andre Buick
Buick|Andre Buick
Buick|Andre Buick
Buick|Andre Buick
Buick|Skylark
Buick|Park Avenue
Buick|Andre Buick
Buick|Regal
Buick|Andre Buick
Buick|Andre Buick
Buick|Centurion
Buick|Andre Buick
Buick|Park Avenue
Buick|Andre Buick
Buick|Le Sabre
Cadillac|Eldorado
Cadillac|Deville
Cadillac|Andre Cadillac
Cadillac|Eldorado
Cadillac|BLS
Cadillac|Deville
Cadillac|Andre Cadillac
Cadillac|BLS
Cadillac|CTS
Cadillac|XLR
Cadillac|Deville
Cadillac|Eldorado
Cadillac|Eldorado
Cadillac|Andre Cadillac
Cadillac|Eldorado
Cadillac|Eldorado
Cadillac|Deville
Cadillac|Deville
Cadillac|Deville
Cadillac|Deville
Cadillac|Andre Cadillac
Cadillac|Seville
Cadillac|Andre Cadillac
Cadillac|Deville
Cadillac|Deville
Cadillac|Eldorado
Cadillac|Deville
Cadillac|Andre Cadillac
Cadillac|Eldorado
Cadillac|Eldorado
Chevrolet|Silverado
Chevrolet|Blazer
Chevrolet|Silverado
Chevrolet|Suburban
Chevrolet|Van
Chevrolet|Monte Carlo
Chevrolet|Tahoe
Chevrolet|Corvette
Chevrolet|Andre Chevrolet
Chevrolet|Andre Chevrolet
Chevrolet|Camaro
Chevrolet|Tahoe
Chevrolet|Suburban
Chevrolet|El Camino
Chevrolet|Astro
Chevrolet|Blazer
Chevrolet|El Camino
Chevrolet|Colorado
Chevrolet|El Camino
Chevrolet|S-10
Chevrolet|Suburban
Chevrolet|Starcraft
Chevrolet|Tahoe
Chevrolet|Caprice
Chevrolet|Avalanche
Chevrolet|Corvette
Chevrolet|Andre Chevrolet
Chevrolet|Blazer
Chevrolet|Nubira
Chevrolet|Camaro
Chrysler|Stratus
Chrysler|Grand Voyager
Chrysler|Grand Voyager
Chrysler|Stratus
Chrysler|Grand Voyager
Chrysler|300C
Chrysler|Grand Voyager
Chrysler|Le Baron
Chrysler|Grand Voyager
Chrysler|Grand Voyager
Chrysler|PT Cruiser
Chrysler|Voyager
Chrysler|Sebring
Chrysler|Grand Voyager
Chrysler|Grand Voyager
Chrysler|Voyager
Chrysler|Voyager
Chrysler|Grand Voyager
Chrysler|300C
Chrysler|Grand Voyager
Chrysler|Grand Voyager
Chrysler|Stratus
Chrysler|Grand Voyager
Chrysler|Grand Voyager
Chrysler|Grand Voyager
Chrysler|Stratus
Chrysler|Stratus
Chrysler|Grand Voyager
Chrysler|Voyager
Chrysler|Crossfire
Citroen|Xsara Picasso
Citroen|C1
Citroen|Berlingo
Citroen|C1
Citroen|C3
Citroen|C3
Citroen|Berlingo
Citroen|Berlingo
Citroen|C1
Citroen|Berlingo
Citroen|Saxo
Citroen|Berlingo
Citroen|Jumper
Citroen|C3
Citroen|Jumpy
Citroen|Saxo
Citroen|C1
Citroen|C3
Citroen|Jumpy
Citroen|C4 Picasso
Citroen|Berlingo
Citroen|Jumper
Citroen|C5
Citroen|C5
Citroen|DS5
Citroen|C1
Citroen|Xsara Picasso
Citroen|C5
Citroen|Jumper
Citroen|C4
Dacia|Duster
Dacia|Duster
Dacia|Duster
Dacia|Duster
Daewoo|Nubira
Daewoo|Tacuma
Daewoo|Matiz
Daewoo|Matiz
Daewoo|Kalos
Daewoo|Matiz
Daewoo|Lanos
Daewoo|Matiz
Daewoo|Tacuma
Daewoo|Matiz
Daewoo|Matiz
Daewoo|Matiz
Daewoo|Musso
Daewoo|Leganza
Daewoo|Tacuma
Daewoo|Nubira
Daewoo|Tacuma
Daewoo|Tacuma
Daewoo|Matiz
Daewoo|Tacuma
Daihatsu|Rocky
Daihatsu|Terios
Daihatsu|Gran Move
Daihatsu|Terios
Daihatsu|Terios
Daihatsu|Copen
Daihatsu|YRV
Daihatsu|Terios
Daihatsu|Sirion
Daihatsu|Andre Daihatsu
Daihatsu|Sirion
Daihatsu|Terios
Daihatsu|Sirion
Daihatsu|Terios
Daihatsu|Sirion
Daihatsu|Terios
Daihatsu|Terios
Daihatsu|Terios
Daihatsu|YRV
Daihatsu|Sirion
Daihatsu|Terios
Daihatsu|Terios
Daihatsu|Charade
Daihatsu|Sirion
Daihatsu|Terios
Daihatsu|Sirion
Daihatsu|Sirion
Daihatsu|YRV
Daihatsu|Terios
Daihatsu|Terios
Dodge|RAM
Dodge|Charger
Dodge|Andre Dodge
Dodge|RAM
Dodge|Caliber
Dodge|Charger
Dodge|Caliber
Dodge|Viper
Dodge|RAM
Dodge|RAM
Dodge|RAM
Dodge|RAM
Dodge|Viper
Dodge|Caliber
Dodge|Journey
Dodge|RAM
Dodge|Durango
Dodge|Durango
Dodge|RAM SRT-10
Dodge|Andre Dodge
Dodge|RAM
Dodge|Andre Dodge
Dodge|Journey
Dodge|Caliber
Dodge|RAM
Dodge|Journey
Dodge|Charger
Dodge|Andre Dodge
Dodge|RAM
Dodge|Journey
Ferrari|456
Ferrari|California
Ferrari|360
Ferrari|612
Ferrari|California
Ferrari|308
Ferrari|348
Ferrari|Testarossa
Ferrari|430
Ferrari|430
Ferrari|Andre Ferrari
Ferrari|355
Ferrari|456
Ferrari|550 Maranello
Ferrari|430
Ferrari|456
Ferrari|456
Ferrari|550 Maranello
Ferrari|FF
Ferrari|FF
Ferrari|360
Ferrari|360
Ferrari|430
Ferrari|328
Ferrari|308
Ferrari|360
Ferrari|458 Italia
Ferrari|328
Ferrari|458 Italia
Ferrari|Andre Ferrari
Fiat|Andre Fiat
Fiat|500
Fiat|500
Fiat|Punto
Fiat|Doblo
Fiat|500
Fiat|Barchetta
Fiat|500
Fiat|500
Fiat|500
Fiat|Doblo
Fiat|500
Fiat|500
Fiat|500
Fiat|500
Fiat|Punto
Fiat|500
Fiat|Doblo
Fiat|Punto
Fiat|Panda
Fiat|Stilo
Fiat|Scudo
Fiat|Punto
Fiat|Punto Evo
Fiat|500
Fiat|Ducato
Fiat|Scudo
Fiat|Doblo
Fiat|Punto Evo
Fiat|500
Fisker|Karma
Fisker|Karma
Ford|Custom Line
Ford|Transit
Ford|Mondeo
Ford|Mondeo
Ford|Mustang
Ford|Fiesta
Ford|Andre Ford
Ford|Mondeo
Ford|Mondeo
Ford|Custom Line
Ford|Transit
Ford|Kuga
Ford|Mustang
Ford|S-MAX
Ford|Aerostar
Ford|Mondeo
Ford|Mondeo
Ford|Focus
Ford|Fiesta
Ford|Mondeo
Ford|Ka
Ford|Focus
Ford|Sierra
Ford|Fiesta
Ford|Mondeo
Ford|Mondeo
Ford|S-MAX
Ford|Focus
Ford|Explorer
Ford|F-serie
GMC|Andre GMC
GMC|Andre GMC
GMC|Andre GMC
GMC|Yukon
GMC|Andre GMC
GMC|Andre GMC
GMC|Yukon
GMC|Yukon
GMC|Sierra
GMC|Sierra
GMC|Sierra
GMC|Andre GMC
GMC|Andre GMC
GMC|Extended Cab
GMC|Yukon
GMC|Yukon
GMC|Andre GMC
GMC|Andre GMC
GMC|Andre GMC
GMC|Andre GMC
GMC|Yukon
GMC|Yukon
GMC|Andre GMC
GMC|Yukon
GMC|Yukon
GMC|Yukon
GMC|Yukon
GMC|Andre GMC
GMC|Andre GMC
GMC|Yukon
Honda|CRX
Honda|Accord
Honda|Accord
Honda|Accord
Honda|Civic
Honda|CR-V
Honda|Accord
Honda|CR-V
Honda|Civic
Honda|Prelude
Honda|Accord
Honda|HR-V
Honda|HR-V
Honda|CR-V
Honda|CR-V
Honda|CR-V
Honda|CR-V
Honda|CR-V
Honda|CR-V
Honda|CR-V
Honda|CR-V
Honda|Civic
Honda|CR-V
Honda|CR-V
Honda|HR-V
Honda|Civic
Honda|CR-V
Honda|HR-V
Honda|Jazz
Honda|S2000
Hummer|H2
Hummer|H2
Hummer|H2
Hummer|H2
Hummer|H2
Hummer|H3
Hummer|H1
Hummer|H3
Hummer|H2
Hummer|H3
Hummer|H2
Hummer|H3
Hummer|H2
Hummer|H3
Hummer|H3
Hummer|H1
Hummer|H2
Hummer|H3
Hummer|H2
Hummer|H2
Hummer|H2
Hummer|H2
Hummer|H2
Hummer|H2
Hummer|H2
Hummer|H2
Hummer|H2
Hummer|H2
Hummer|H3
Hummer|H2
Hyundai|Getz
Hyundai|H-1
Hyundai|H-1
Hyundai|Matrix
Hyundai|Coupe
Hyundai|i20
Hyundai|Atos
Hyundai|Galloper
Hyundai|H-1
Hyundai|H-1
Hyundai|Coupe
Hyundai|i30
Hyundai|Santa Fe
Hyundai|ix35
Hyundai|Terracan
Hyundai|i30
Hyundai|i40
Hyundai|H-1
Hyundai|Tucson
Hyundai|ix35
Hyundai|H-1
Hyundai|Matrix
Hyundai|ix20
Hyundai|Atos
Hyundai|H-1
Hyundai|Tucson
Hyundai|ix20
Hyundai|Accent
Hyundai|i40
Hyundai|ix35
Infiniti|FX45
Infiniti|FX35
Isuzu|D-max
Isuzu|D-max
Isuzu|D-max
Isuzu|D-max
Isuzu|D-max
Isuzu|D-max
Isuzu|D-max
Isuzu|D-max
Isuzu|D-max
Isuzu|D-max
Isuzu|D-max
Isuzu|D-max
Isuzu|D-max
Isuzu|D-max
Isuzu|D-max
Isuzu|D-max
Isuzu|D-max
Isuzu|D-max
Isuzu|D-max
Isuzu|D-max
Isuzu|D-max
Isuzu|Trooper
Isuzu|D-max
Isuzu|D-max
Isuzu|D-max
Isuzu|D-max
Isuzu|D-max
Isuzu|D-max
Isuzu|D-max
Isuzu|D-max
Iveco|Daily
Iveco|Andre Iveco
Iveco|Daily
Iveco|Daily
Iveco|Daily
Iveco|Daily
Iveco|Daily
Iveco|Daily
Iveco|Daily
Iveco|Daily
Iveco|Daily
Iveco|Daily
Iveco|Daily
Iveco|Daily
Iveco|Daily
Iveco|Daily
Iveco|Andre Iveco
Iveco|Daily
Iveco|Daily
Iveco|Daily
Iveco|Daily
Iveco|Daily
Iveco|Daily
Iveco|Daily
Iveco|Daily
Iveco|Daily
Iveco|Daily
Iveco|3510
Iveco|Andre Iveco
Iveco|Daily
Jaguar|XK
Jaguar|XK
Jaguar|XJ
Jaguar|XJ
Jaguar|XJ
Jaguar|S-TYPE
Jaguar|XJ
Jaguar|XK
Jaguar|XF
Jaguar|XF
Jaguar|XK
Jaguar|XJ
Jaguar|XF
Jaguar|XJ
Jaguar|XF
Jaguar|S-TYPE
Jaguar|X-TYPE
Jaguar|XF
Jaguar|XK
Jaguar|S-TYPE
Jaguar|XF
Jaguar|XF
Jaguar|X-TYPE
Jaguar|XK
Jaguar|XJ
Jaguar|XJ
Jaguar|XF
Jaguar|X-TYPE
Jaguar|XJS
Jaguar|Andre Jaguar
Jeep|Cherokee
Jeep|Grand Cherokee
Jeep|Grand Cherokee
Jeep|Wrangler
Jeep|Grand Cherokee
Jeep|Andre Jeep
Jeep|Wrangler
Jeep|Wrangler
Jeep|Grand Cherokee
Jeep|Compass
Jeep|Wrangler
Jeep|Andre Jeep
Jeep|Cherokee
Jeep|Patriot
Jeep|Grand Cherokee
Jeep|Grand Cherokee
Jeep|Grand Cherokee
Jeep|Grand Cherokee
Jeep|Cherokee
Jeep|Commander
Jeep|Cherokee
Jeep|Grand Cherokee
Jeep|Wrangler
Jeep|Wrangler
Jeep|Grand Cherokee
Jeep|Cherokee
Jeep|Patriot
Jeep|Grand Cherokee
Jeep|Cherokee
Jeep|Cherokee
Kewet|City-Jet 5
Kewet|Buddy
Kia|Sportage
Kia|Carnival
Kia|Sportage
Kia|Sportage
Kia|Sportage
Kia|Sportage
Kia|Sportage
Kia|Carens
Kia|Sportage
Kia|Sportage
Kia|Picanto
Kia|Sportage
Kia|Rio
Kia|Sportage
Kia|Carens
Kia|Sportage
Kia|Venga
Kia|Sportage
Kia|Cee'd
Kia|Rio
Kia|Carnival
Kia|Rio
Kia|Carnival
Kia|Carens
Kia|Cee'd
Kia|Sportage
Kia|Cee'd
Kia|Sportage
Kia|Rio
Kia|Sorento
Koenigsegg|CCR
Lada|Andre Lada
Lada|Niva
Lada|Niva
Lada|Niva
Lamborghini|Gallardo
Lamborghini|Gallardo
Lamborghini|Gallardo
Lamborghini|Andre Lamborghini
Lamborghini|Gallardo
Lamborghini|Diablo
Lamborghini|Countach
Lamborghini|Andre Lamborghini
Lamborghini|Andre Lamborghini
Lamborghini|Gallardo
Lamborghini|Aventador
Lamborghini|Diablo
Lancia|Delta
Lancia|Lybra
Lancia|Delta
Lancia|Delta
Lancia|Delta
Lancia|Ypsilon
Lancia|Delta
Lancia|Thema
Lancia|Thesis
Lancia|Delta
Lancia|Voyager
Lancia|Andre Lancia
Lancia|Delta
Lancia|Kappa
Lancia|Delta
Lancia|Kappa
Lancia|Andre Lancia
Lancia|Thema
Lancia|Thema
Land Rover|Freelander
Land Rover|Freelander
Land Rover|Discovery
Land Rover|Range Rover Sport
Land Rover|Range Rover
Land Rover|Range Rover
Land Rover|Range Rover Evoque
Land Rover|Range Rover Sport
Land Rover|Discovery
Land Rover|Defender
Land Rover|Range Rover Sport
Land Rover|Discovery
Land Rover|Freelander
Land Rover|Range Rover Sport
Land Rover|Discovery
Land Rover|Discovery
Land Rover|Freelander
Land Rover|Defender
Land Rover|Discovery
Land Rover|Discovery
Land Rover|Discovery
Land Rover|Discovery
Land Rover|Range Rover Sport
Land Rover|Andre Land Rover
Land Rover|Freelander
Land Rover|Range Rover Sport
Land Rover|Discovery
Land Rover|Discovery
Land Rover|Range Rover
Land Rover|Discovery
Lexus|IS
Lexus|RX450h
Lexus|IS
Lexus|RX400h
Lexus|IS
Lexus|IS
Lexus|RX450h
Lexus|RX400h
Lexus|RX450h
Lexus|CT200h
Lexus|IS
Lexus|CT200h
Lexus|RX400h
Lexus|CT200h
Lexus|IS
Lexus|CT200h
Lexus|CT200h
Lexus|CT200h
Lexus|IS
Lexus|IS
Lexus|IS
Lexus|CT200h
Lexus|GS
Lexus|GS
Lexus|IS
Lexus|RX450h
Lexus|RX300
Lexus|RX400h
Lexus|IS
Lexus|IS
Lincoln|Andre Lincoln
Lincoln|Andre Lincoln
Lincoln|Andre Lincoln
Lincoln|Town Car
Lincoln|Town Car
Lincoln|Town Car
Lincoln|Andre Lincoln
Lincoln|Town Car
Lincoln|Andre Lincoln
Lincoln|Town Car
Lincoln|Andre Lincoln
Lincoln|Andre Lincoln
Lincoln|Town Car
Lincoln|Andre Lincoln
Lincoln|Andre Lincoln
Lincoln|Andre Lincoln
Lincoln|Andre Lincoln
Lincoln|Town Car
Lincoln|Andre Lincoln
Lincoln|Town Car
Lincoln|Andre Lincoln
Lincoln|Andre Lincoln
Lincoln|Andre Lincoln
Lincoln|Andre Lincoln
Lincoln|Andre Lincoln
Lincoln|Town Car
Lincoln|Andre Lincoln
Lincoln|Town Car
Lotus|Elise
Lotus|Seven
Lotus|Seven
Lotus|Seven
Lotus|Seven
Lotus|Seven
Lotus|Seven
Lotus|Elise
Lotus|Andre Lotus
Lotus|Seven
Lotus|Evora
Lotus|Elise
Lotus|Exige
Lotus|Andre Lotus
Maserati|Quattroporte
Maserati|Quattroporte
Maserati|Andre Maserati
Maserati|GranTurismo
Maserati|Andre Maserati
Maserati|Quattroporte
Maserati|Gran Tourismo
Maserati|Spyder
Maserati|Quattroporte
Maserati|GranTurismo
Maserati|Quattroporte
Maserati|Quattroporte
Maserati|Ghibli
Maserati|GranTurismo
Maserati|Quattroporte
Maserati|Ghibli
Maserati|Ghibli
Maserati|Quattroporte
Maserati|Ghibli
Maserati|Biturbo
Maserati|Quattroporte
Maserati|Quattroporte
Maserati|Quattroporte
Matra|Murena
Matra|Andre Matra
Maybach|57
Mazda|626
Mazda|MX-5
Mazda|626
Mazda|5
Mazda|626
Mazda|CX-5
Mazda|Premacy
Mazda|MX-5
Mazda|626
Mazda|6
Mazda|626
Mazda|2
Mazda|323
Mazda|6
Mazda|6
Mazda|MX-5
Mazda|Demio
Mazda|3
Mazda|6
Mazda|3
Mazda|Andre Mazda
Mazda|626
Mazda|6
Mazda|CX-5
Mazda|626
Mazda|3
Mazda|6
Mazda|3
Mazda|2
Mazda|626
Mercedes-Benz|SLK
Mercedes-Benz|Vito
Mercedes-Benz|190
Mercedes-Benz|E-Klasse
Mercedes-Benz|E-Klasse
Mercedes-Benz|E-Klasse
Mercedes-Benz|C-Klasse
Mercedes-Benz|B-Klasse
Mercedes-Benz|C-Klasse
Mercedes-Benz|CLA
Mercedes-Benz|E-Klasse
Mercedes-Benz|M-Klasse
Mercedes-Benz|Sprinter
Mercedes-Benz|E-Klasse
Mercedes-Benz|Geländewagen
Mercedes-Benz|A-Klasse
Mercedes-Benz|E-Klasse
Mercedes-Benz|B-Klasse
Mercedes-Benz|E-Klasse
Mercedes-Benz|E-Klasse
Mercedes-Benz|Andre Mercedes-Benz
Mercedes-Benz|E-Klasse
Mercedes-Benz|C-Klasse
Mercedes-Benz|SL
Mercedes-Benz|C-Klasse
Mercedes-Benz|C-Klasse
Mercedes-Benz|Vito
Mercedes-Benz|E-Klasse
Mercedes-Benz|Vito
Mercedes-Benz|SL
Mercury|Andre Mercury
Mercury|Andre Mercury
Mercury|Andre Mercury
Mercury|Andre Mercury
Mercury|Andre Mercury
Mercury|Andre Mercury
Mercury|Andre Mercury
Mercury|Andre Mercury
Mercury|Andre Mercury
Mercury|Andre Mercury
Mercury|Andre Mercury
Mercury|Andre Mercury
Mercury|Andre Mercury
MG|MG-F
MG|Andre MG
MG|Andre MG
MG|Andre MG
MG|Andre MG
MG|MG-F
MG|Andre MG
MG|Andre MG
MG|Andre MG
MG|TF
MG|Andre MG
MG|Andre MG
MG|Andre MG
MG|Andre MG
MG|Andre MG
MG|TF
MG|Andre MG
MG|Andre MG
MG|Andre MG
MG|TF
MG|MG-F
MG|Andre MG
MG|Andre MG
MG|Andre MG
MG|Andre MG
MG|Triumph TR7
MG|ZT
MG|MG-F
MG|ZT
MG|Andre MG
mia electric|mia
MINI|3-dørs
MINI|3-dørs
MINI|Cooper
MINI|Countryman
MINI|Clubman
MINI|Cooper S
MINI|Cooper
MINI|Cooper
MINI|Cooper
MINI|Cooper S
MINI|One
MINI|3-dørs
MINI|Clubman
MINI|Countryman
MINI|Cooper
MINI|Cooper
MINI|Cooper
MINI|Countryman
MINI|Countryman
MINI|3-dørs
MINI|Cooper S
MINI|Cooper
MINI|One
MINI|Cooper
MINI|One
MINI|Cooper
MINI|Cooper
MINI|Cooper
MINI|Cooper S
MINI|Clubman
Mitsubishi|ASX
Mitsubishi|Carisma
Mitsubishi|Galant
Mitsubishi|Pajero
Mitsubishi|ASX
Mitsubishi|Pajero
Mitsubishi|Lancer
Mitsubishi|ASX
Mitsubishi|Pajero Sport
Mitsubishi|Outlander
Mitsubishi|Pajero Sport
Mitsubishi|Colt
Mitsubishi|Colt
Mitsubishi|Carisma
Mitsubishi|L200
Mitsubishi|Lancer
Mitsubishi|Grandis
Mitsubishi|L400
Mitsubishi|Grandis
Mitsubishi|L200
Mitsubishi|Pajero
Mitsubishi|Outlander
Mitsubishi|Lancer
Mitsubishi|ASX
Mitsubishi|Lancer
Mitsubishi|Lancer
Mitsubishi|Outlander
Mitsubishi|Space Star
Mitsubishi|Carisma
Mitsubishi|L400
Morgan|3-wheeler
Morgan|Plus 8
Morgan|Plus 4
Morgan|3-wheeler
Morris|Andre Morris
Morris|Andre Morris
Morris|Andre Morris
Morris|Andre Morris
Morris|Andre Morris
Morris|Andre Morris
Morris|Mini
Nissan|Pathfinder
Nissan|Terrano
Nissan|Qashqai
Nissan|Navara
Nissan|Navara
Nissan|Primera
Nissan|X-Trail
Nissan|Primera
Nissan|Almera
Nissan|Leaf
Nissan|Leaf
Nissan|Primera
Nissan|Primera
Nissan|Qashqai
Nissan|Primera
Nissan|Sunny
Nissan|Skyline
Nissan|Qashqai
Nissan|Qashqai
Nissan|Micra
Nissan|Primera
Nissan|Qashqai
Nissan|X-Trail
Nissan|Qashqai
Nissan|200 SX
Nissan|Leaf
Nissan|Leaf
Nissan|Primera
Nissan|Primera
Nissan|King Cab
Oldsmobile|Cutlass
Oldsmobile|Cutlass
Oldsmobile|Andre Oldsmobile
Oldsmobile|Cutlass
Oldsmobile|Cutlass
Oldsmobile|Cutlass
Oldsmobile|Cutlass
Oldsmobile|Andre Oldsmobile
Oldsmobile|Andre Oldsmobile
Oldsmobile|Cutlass
Oldsmobile|Andre Oldsmobile
Oldsmobile|Andre Oldsmobile
Oldsmobile|Cutlass
Oldsmobile|Andre Oldsmobile
Oldsmobile|Delta
Oldsmobile|Cutlass
Oldsmobile|Cutlass
Oldsmobile|Andre Oldsmobile
Oldsmobile|Andre Oldsmobile
Oldsmobile|Cutlass
Oldsmobile|Cutlass
Oldsmobile|Cutlass
Oldsmobile|Delta
Oldsmobile|Cutlass
Oldsmobile|Cutlass
Opel|Vivaro
Opel|Corsa
Opel|Astra
Opel|Combo
Opel|Vivaro
Opel|Astra
Opel|Meriva
Opel|Corsa
Opel|Astra
Opel|Astra
Opel|Vectra
Opel|Kadett
Opel|Astra
Opel|Kadett
Opel|Astra
Opel|Zafira
Opel|Zafira
Opel|Insignia
Opel|Vectra
Opel|Zafira
Opel|Combo
Opel|Omega
Opel|Combo
Opel|Zafira
Opel|Astra
Opel|Astra
Opel|Astra
Opel|Ascona
Opel|Combo
Opel|Rekord
Packard|Andre Packard
Packard|Andre Packard
Packard|Andre Packard
Peugeot|307
Peugeot|406
Peugeot|207
Peugeot|Partner
Peugeot|307 SW
Peugeot|Partner
Peugeot|307
Peugeot|Partner
Peugeot|206
Peugeot|206 CC
Peugeot|306
Peugeot|406
Peugeot|307
Peugeot|Partner
Peugeot|Partner
Peugeot|406
Peugeot|Boxer
Peugeot|206
Peugeot|806
Peugeot|3008
Peugeot|Partner
Peugeot|Partner
Peugeot|205
Peugeot|206
Peugeot|206
Peugeot|Partner
Peugeot|407
Peugeot|iOn
Peugeot|206
Peugeot|307 SW
Piaggio|Porter
Plymouth|Andre Plymouth
Plymouth|Andre Plymouth
Plymouth|Andre Plymouth
Plymouth|Andre Plymouth
Plymouth|Andre Plymouth
Plymouth|Andre Plymouth
Plymouth|Voyager
Plymouth|Andre Plymouth
Plymouth|Grand Voyager
Pontiac|Trans Am
Pontiac|Firebird
Pontiac|Trans Am
Pontiac|Andre Pontiac
Pontiac|Firebird
Pontiac|Trans Am
Pontiac|Andre Pontiac
Pontiac|Andre Pontiac
Pontiac|Bonneville
Pontiac|Andre Pontiac
Pontiac|Andre Pontiac
Pontiac|Andre Pontiac
Pontiac|Bonneville
Pontiac|Andre Pontiac
Pontiac|Bonneville
Pontiac|Firebird
Pontiac|Firebird
Pontiac|Trans Am
Pontiac|Andre Pontiac
Pontiac|Trans Am
Pontiac|Trans Am
Pontiac|Andre Pontiac
Pontiac|Andre Pontiac
Pontiac|Andre Pontiac
Pontiac|Firebird
Pontiac|Andre Pontiac
Pontiac|Trans Am
Pontiac|Firebird
Pontiac|Firebird
Pontiac|Bonneville
Porsche|911
Porsche|911
Porsche|911
Porsche|Panamera
Porsche|911
Porsche|911
Porsche|911
Porsche|911
Porsche|Cayenne
Porsche|911
Porsche|Panamera
Porsche|Cayenne
Porsche|911
Porsche|Panamera
Porsche|911
Porsche|911
Porsche|911
Porsche|Panamera
Porsche|Cayenne
Porsche|911
Porsche|911
Porsche|911
Porsche|Macan
Porsche|Macan
Porsche|Macan
Porsche|Cayenne
Porsche|Cayenne
Porsche|Cayenne
Porsche|Cayenne
Porsche|Cayenne
Renault|Clio
Renault|Laguna
Renault|Scenic
Renault|Master
Renault|Megane
Renault|Scenic
Renault|Master
Renault|Kangoo
Renault|Clio
Renault|Clio
Renault|Laguna
Renault|Megane
Renault|Clio
Renault|Laguna
Renault|Megane
Renault|Megane
Renault|Trafic
Renault|Megane
Renault|Megane
Renault|Laguna
Renault|Scenic
Renault|Express
Renault|Express
Renault|Laguna
Renault|Megane
Renault|Megane
Renault|Megane
Renault|Andre Renault
Renault|Kangoo
Renault|Kangoo
Reva|Andre Reva
Reva|Andre Reva
Reva|Andre Reva
Reva|Andre Reva
Reva|Andre Reva
Reva|Andre Reva
Rolls Royce|Andre Rolls Royce
Rolls Royce|Andre Rolls Royce
Rolls Royce|Silver Shadow
Rolls Royce|Andre Rolls Royce
Rolls Royce|Andre Rolls Royce
Rolls Royce|Silver Shadow
Rolls Royce|Silver Shadow
Rolls Royce|Andre Rolls Royce
Rolls Royce|Andre Rolls Royce
Rolls Royce|Silver Shadow
Rolls Royce|Andre Rolls Royce
Rolls Royce|Silver Shadow
Rolls Royce|Silver Shadow
Rover|75
Rover|600-serie
Rover|400-serie
Rover|800-serie
Rover|75
Rover|75
Rover|75
Rover|75
Rover|600-serie
Rover|45
Rover|75
Rover|25
Rover|Andre Rover
Rover|75
Rover|75
Rover|75
Rover|400-serie
Rover|75
Rover|75
Rover|75
Rover|75
Rover|45
Rover|200-serie
Rover|200-serie
Rover|75
Rover|Andre Rover
Rover|75
Rover|75
Rover|Andre Rover
Rover|45
Saab|9-5
Saab|9-3
Saab|9-5
Saab|9-3
Saab|900
Saab|9-3
Saab|9-3
Saab|9-3
Saab|9-3
Saab|9-5
Saab|9-3
Saab|9-3
Saab|9-3
Saab|9-3
Saab|9-3
Saab|9-3
Saab|9-5
Saab|9-5
Saab|9-5
Saab|9-3
Saab|9-3
Saab|900
Saab|9-3
Saab|9-3
Saab|9-3
Saab|9-5
Saab|9-5
Saab|9-3
Saab|9-5
Saab|9-3
Seat|Toledo
Seat|Ibiza
Seat|Leon
Seat|Alhambra
Seat|Toledo
Seat|Alhambra
Seat|Toledo
Seat|Inca
Seat|Leon
Seat|Ibiza
Seat|Alhambra
Seat|Toledo
Seat|Cordoba Vario
Seat|Ibiza
Seat|Alhambra
Seat|Ibiza
Seat|Inca
Seat|Toledo
Seat|Ibiza
Seat|Inca
Seat|Cordoba Vario
Seat|Ibiza
Seat|Alhambra
Seat|Alhambra
Seat|Leon
Seat|Leon
Seat|Arosa
Seat|Leon
Seat|Ibiza
Seat|Toledo
Skoda|Octavia
Skoda|Octavia
Skoda|Octavia
Skoda|Octavia
Skoda|Fabia
Skoda|Octavia
Skoda|Octavia
Skoda|Fabia
Skoda|Octavia
Skoda|Superb
Skoda|Octavia
Skoda|Octavia
Skoda|Octavia
Skoda|Octavia
Skoda|Octavia
Skoda|Octavia
Skoda|Octavia
Skoda|Superb
Skoda|Fabia
Skoda|Fabia
Skoda|Superb
Skoda|Octavia
Skoda|Superb
Skoda|Octavia
Skoda|Fabia
Skoda|Fabia
Skoda|Octavia
Skoda|Octavia
Skoda|Octavia
Skoda|Octavia
Smart|Fortwo cabrio
Smart|Roadster
Smart|Fortwo cabrio
Smart|Roadster
Smart|Fortwo coupe
Smart|Fortwo coupe
Smart|Fortwo coupe
Smart|Fortwo coupe
Smart|Roadster
Smart|Fortwo cabrio
Smart|Fortwo coupe
Smart|Fortwo cabrio
Smart|Fortwo coupe
Smart|Fortwo coupe
Smart|Fortwo coupe
Smart|Fortwo cabrio
Smart|Roadster
Smart|Fortwo coupe
Smart|Forfour
Smart|Fortwo coupe
Smart|Roadster coupe
Smart|Fortwo cabrio
Smart|Roadster
Smart|Forfour
Smart|Fortwo coupe
Smart|Fortwo cabrio
Smart|Fortwo cabrio
Smart|Fortwo coupe
Smart|Fortwo coupe
Smart|Forfour
Ssangyong|Musso
Ssangyong|Rexton
Ssangyong|Rexton
Ssangyong|Rexton
Ssangyong|Rexton
Ssangyong|Rexton
Ssangyong|Rexton
Ssangyong|Actyon Sport
Ssangyong|Actyon Sport
Ssangyong|Actyon Sport
Ssangyong|Rexton
Ssangyong|Musso
Ssangyong|Rexton
Ssangyong|Rexton
Ssangyong|Rodius
Ssangyong|Rodius
Ssangyong|Rexton
Ssangyong|Rexton
Ssangyong|Rexton
Ssangyong|Korando
Ssangyong|Rexton
Ssangyong|Rexton
Ssangyong|Rexton
Ssangyong|Rexton
Ssangyong|Rexton
Ssangyong|Musso
Ssangyong|Rexton
Ssangyong|Rexton
Ssangyong|Rexton
Ssangyong|Rexton
Subaru|Forester
Subaru|Legacy
Subaru|Legacy
Subaru|Forester
Subaru|Impreza
Subaru|Impreza
Subaru|Legacy
Subaru|Forester
Subaru|Legacy
Subaru|Impreza
Subaru|Forester
Subaru|Impreza
Subaru|Forester
Subaru|Forester
Subaru|Legacy
Subaru|Forester
Subaru|Forester
Subaru|Legacy
Subaru|Forester
Subaru|Legacy
Subaru|Justy
Subaru|Impreza
Subaru|Impreza
Subaru|Outback
Subaru|Forester
Subaru|Impreza
Subaru|Impreza
Subaru|XV
Subaru|XV
Subaru|Outback
Suzuki|Liana
Suzuki|Grand Vitara
Suzuki|Grand Vitara
Suzuki|Grand Vitara
Suzuki|Ignis
Suzuki|Grand Vitara
Suzuki|Swift
Suzuki|Swift
Suzuki|Liana
Suzuki|Vitara
Suzuki|Swift
Suzuki|Grand Vitara
Suzuki|Ignis
Suzuki|Liana
Suzuki|Swift
Suzuki|XL7
Suzuki|Ignis
Suzuki|Ignis
Suzuki|Grand Vitara
Suzuki|Grand Vitara
Suzuki|Grand Vitara
Suzuki|Grand Vitara
Suzuki|Liana
Suzuki|SX4
Suzuki|Grand Vitara
Suzuki|Swift
Suzuki|Grand Vitara
Suzuki|Ignis
Suzuki|Grand Vitara
Suzuki|XL7
Tazzari|Zero
Tazzari|Zero
Tazzari|Zero
Tazzari|Zero
Tazzari|Zero
Tazzari|Zero
Tesla|Model S
Tesla|Model S
Tesla|Model S
Tesla|Model S
Tesla|Model S
Tesla|Model S
Tesla|Model S
Tesla|Model S
Tesla|Model S
Tesla|Model S
Tesla|Model S
Tesla|Model S
Tesla|Model S
Tesla|Roadster
Tesla|Roadster
Tesla|Roadster
Tesla|Model S
Tesla|Roadster
Tesla|Model S
Tesla|Model S
Tesla|Model S
Tesla|Model S
Tesla|Model S
Tesla|Model S
Tesla|Model S
Tesla|Model S
Tesla|Model S
Tesla|Model S
Tesla|Model S
Tesla|Model S
Think|City
Think|City
Think|City
Think|City
Think|City
Think|City
Think|City
Think|City
Think|City
Think|City
Think|City
Think|City
Toyota|Corolla
Toyota|RAV4
Toyota|Avensis
Toyota|HiAce
Toyota|HiAce
Toyota|Avensis Verso
Toyota|Avensis
Toyota|Yaris
Toyota|HiLux
Toyota|Land Cruiser
Toyota|Corolla
Toyota|Avensis
Toyota|Avensis
Toyota|Corolla
Toyota|Corolla
Toyota|HiClass
Toyota|Avensis
Toyota|Corolla
Toyota|Prius
Toyota|Starlet
Toyota|Corolla
Toyota|RAV4
Toyota|Corolla
Toyota|Avensis
Toyota|HiAce
Toyota|HiAce
Toyota|HiAce
Toyota|Yaris
Toyota|Carina
Toyota|Prius
Triumph|Andre Triumph
Triumph|Spitfire
Triumph|Andre Triumph
Triumph|Andre Triumph
Triumph|Andre Triumph
Triumph|Spitfire
Triumph|Andre Triumph
Triumph|Andre Triumph
Triumph|Andre Triumph
Triumph|Andre Triumph
Triumph|Spitfire
Triumph|Andre Triumph
Volkswagen|Caravelle
Volkswagen|Passat
Volkswagen|Passat
Volkswagen|Golf
Volkswagen|Caravelle
Volkswagen|Golf
Volkswagen|Polo
Volkswagen|Golf
Volkswagen|Passat
Volkswagen|Caddy
Volkswagen|Polo
Volkswagen|Golf
Volkswagen|Transporter
Volkswagen|Jetta
Volkswagen|Golf
Volkswagen|Polo
Volkswagen|Passat
Volkswagen|Passat
Volkswagen|Polo
Volkswagen|Golf
Volkswagen|Passat
Volkswagen|Sharan
Volkswagen|Caddy Maxi
Volkswagen|Passat
Volkswagen|Golf
Volkswagen|Passat
Volkswagen|Caravelle
Volkswagen|Golf
Volkswagen|Caddy
Volkswagen|UP!
Volvo|V70
Volvo|S70
Volvo|745
Volvo|240
Volvo|V40 Cross Country
Volvo|V60
Volvo|S70
Volvo|144
Volvo|V70
Volvo|S40
Volvo|XC 90
Volvo|S70
Volvo|S80
Volvo|XC 60
Volvo|XC 90
Volvo|Andre Volvo
Volvo|XC 70
Volvo|XC 60
Volvo|XC 70
Volvo|240
Volvo|V60
Volvo|S40
Volvo|242
Volvo|V70
Volvo|V50
Volvo|Amazon
Volvo|940
Volvo|S80
Volvo|S40
Volvo|XC 90
Wiesmann|GT MF4
Wiesmann|Andre Wiesmann
Andre Modell
Andre Modell
Andre Modell
Andre Modell
Andre Modell
Andre Modell
Andre Modell
Andre Modell
Andre Modell
Andre Modell
Andre Modell
Andre Modell
Andre Modell
Andre Modell
Andre Modell
Andre Modell
Andre Modell
Andre Modell
Andre Modell
Andre Modell
Andre Modell
Andre Modell
Andre Modell
Andre Modell
Andre Modell
Andre Modell
Andre Modell
Andre Modell
Andre Modell
Andre Modell
